#UniProtKB_ac	UniProtKB_ac	type
Q86VP1	Q86VP1	Predicted
Q8WUM4	Q8WUM4	Predicted
Q6UWE0	Q6UWE0	Predicted
O00499	O00499	Predicted
P06744	P06744	Curated
Q8TB24	Q8TB24	Predicted
P62256	P62256	Predicted
Q06124	Q06124	Predicted
P04792	P04792	Predicted
P32121	P32121	Curated
P00519	P00519	Predicted
O14503	O14503	Predicted
P02511	P02511	Curated
P62136	P62136	Predicted
P63279	P63279	Predicted
P60520	P60520	Predicted
P21860	P21860	Predicted
Q9UMS4	Q9UMS4	Predicted
P23219	P23219	Curated
O15287	O15287	Predicted
P07359	P07359	Predicted
Q00613	Q00613	Predicted
Q15024	Q15024	Predicted
P0CG48	P0CG48	Predicted
O75674	O75674	Predicted
Q13492	Q13492	Curated
P25788	P25788	Predicted
Q96RG2	Q96RG2	Predicted
P43405	P43405	Predicted
P04637	P04637	Predicted
Q8N0Z3	Q8N0Z3	Predicted
P50222	P50222	Predicted
Q08117	Q08117	Predicted
P16333	P16333	Predicted
Q15038	Q15038	Predicted
Q05516	Q05516	Predicted
P14373	P14373	Predicted
Q13387	Q13387	Predicted
Q9Y6Q9	Q9Y6Q9	Predicted
P80188	P80188	Predicted
P27361	P27361	Predicted
P62993	P62993	Predicted
P14618	P14618	Curated
P0DP23	P0DP23	Predicted
P78352	P78352	Predicted
Q9NPI8	Q9NPI8	Predicted
P11142	P11142	Predicted
Q9H6Y7	Q9H6Y7	Predicted
Q9Y2D8	Q9Y2D8	Predicted
P27540	P27540	Predicted
Q16659	Q16659	Predicted
Q13200	Q13200	Predicted
O43318	O43318	Predicted
P84022	P84022	Predicted
Q13064	Q13064	Predicted
P00558	P00558	Curated
P36776	P36776	Curated
A5D8V6	A5D8V6	Predicted
O00204	O00204	Predicted
Q9UHD9	Q9UHD9	Predicted
P40763	P40763	Predicted
P28702	P28702	Predicted
P54253	P54253	Predicted
P68036	P68036	Predicted
P12931	P12931	Predicted
P04278	P04278	Predicted
Q9UQE7	Q9UQE7	Curated
P06733	P06733	Predicted
Q13114	Q13114	Predicted
P42684	P42684	Predicted
Q92997	Q92997	Predicted
P00734	P00734	Curated
P61077	P61077	Predicted
Q05086	Q05086	Predicted
Q9BWF3	Q9BWF3	Predicted
P19971	P19971	Curated
Q5SW96	Q5SW96	Curated
Q9Y4K3	Q9Y4K3	Predicted
Q15843	Q15843	Predicted
O00308	O00308	Predicted
O15530	O15530	Predicted
Q9Y6X0	Q9Y6X0	Predicted
Q9Y3E5	Q9Y3E5	Curated
Q9BPZ3	Q9BPZ3	Predicted
Q96LK0	Q96LK0	Predicted
P08183	P08183	Curated
O15151	O15151	Predicted
P13716	P13716	Curated
P27986	P27986	Predicted
P06241	P06241	Predicted
P08621	P08621	Predicted
P30041	P30041	Curated
Q6ZU80	Q6ZU80	Predicted
Q96LR5	Q96LR5	Predicted
Q13596	Q13596	Predicted
P04156	P04156	Predicted
P63208	P63208	Predicted
Q9H0A6	Q9H0A6	Predicted
Q9NRI5	Q9NRI5	Predicted
P99999	P99999	Curated
P04406	P04406	Curated
Q8IUQ4	Q8IUQ4	Predicted
Q13501	Q13501	Predicted
Q08379	Q08379	Predicted
Q00534	Q00534	Predicted
O95166	O95166	Predicted
Q9Y4L5	Q9Y4L5	Predicted
Q92734	Q92734	Predicted
O75330	O75330	Curated
Q7L5D6	Q7L5D6	Predicted
Q63HR2	Q63HR2	Predicted
P53675	P53675	Curated
P02489	P02489	Curated
Q9NP31	Q9NP31	Predicted
Q8IXK0	Q8IXK0	Predicted
Q5VVX9	Q5VVX9	Predicted
Q16543	Q16543	Predicted
Q6NUS6	Q6NUS6	Predicted
Q15154	Q15154	Predicted
P46527	P46527	Predicted
Q96Q45	Q96Q45	Predicted
Q9Y6K9	Q9Y6K9	Predicted
Q9C019	Q9C019	Predicted
P50552	P50552	Predicted
Q86X19	Q86X19	Predicted
O00560	O00560	Predicted
P62328	P62328	Curated
Q15637	Q15637	Predicted
P61457	P61457	Curated
Q9Y6I3	Q9Y6I3	Curated
P51668	P51668	Predicted
P60953	P60953	Predicted
P24278	P24278	Predicted
P12956	P12956	Curated
Q9H190	Q9H190	Predicted
Q9BYE9	Q9BYE9	Predicted
Q6ZNA4	Q6ZNA4	Predicted
P61978	P61978	Predicted
Q13480	Q13480	Predicted
Q8N960	Q8N960	Predicted
Q9H0M0	Q9H0M0	Predicted
Q9NQX1	Q9NQX1	Predicted
O43639	O43639	Predicted
Q9H4A3	Q9H4A3	Predicted
Q8TAU3	Q8TAU3	Predicted
Q8IZU0	Q8IZU0	Predicted
Q14160	Q14160	Predicted
Q9BZR9	Q9BZR9	Predicted
Q9UBC2	Q9UBC2	Curated
P61088	P61088	Predicted
Q12873	Q12873	Predicted
Q9C0C9	Q9C0C9	Predicted
P05062	P05062	Curated
Q8NEU8	Q8NEU8	Curated
Q99816	Q99816	Curated
P58340	P58340	Predicted
P51965	P51965	Predicted
P04049	P04049	Predicted
Q00610	Q00610	Curated
O14788	O14788	Predicted
P68400	P68400	Predicted
Q8N8N0	Q8N8N0	Predicted
Q9Y2X8	Q9Y2X8	Predicted
Q8N448	Q8N448	Predicted
Q15477	Q15477	Predicted
O75604	O75604	Predicted
P55072	P55072	Predicted
Q09472	Q09472	Predicted
Q96D03	Q96D03	Predicted
Q92890	Q92890	Predicted
Q9BQB6	Q9BQB6	Predicted
P16885	P16885	Predicted
P08670	P08670	Predicted
P14921	P14921	Predicted
P98175	P98175	Predicted
P51948	P51948	Predicted
Q9UJV3	Q9UJV3	Predicted
Q9NQX3	Q9NQX3	Curated
Q8WYB5	Q8WYB5	Predicted
P67870	P67870	Predicted
Q9UKG1	Q9UKG1	Curated
P63104	P63104	Predicted
O94906	O94906	Predicted
P60411	P60411	Predicted
P28482	P28482	Predicted
P62258	P62258	Predicted
P55055	P55055	Predicted
P01023	P01023	Predicted
P0CG47	P0CG47	Predicted
O43464	O43464	Predicted
P08238	P08238	Predicted
Q14103	Q14103	Predicted
P32189	P32189	Curated
P62310	P62310	Predicted
Q8TBB1	Q8TBB1	Predicted
P15692	P15692	Predicted
Q14457	Q14457	Predicted
O75400	O75400	Predicted
P45973	P45973	Predicted
Q8IZH2	Q8IZH2	Predicted
Q15773	Q15773	Predicted
Q9GZM8	Q9GZM8	Predicted
P04626	P04626	Predicted
P09382	P09382	Curated
P07550	P07550	Predicted
P29350	P29350	Predicted
P32243	P32243	Predicted
Q9NYB9	Q9NYB9	Predicted
Q969T4	Q969T4	Predicted
P10275	P10275	Predicted
P22736	P22736	Predicted
Q96HA8	Q96HA8	Predicted
P49407	P49407	Curated
Q8WV44	Q8WV44	Predicted
P12004	P12004	Predicted
Q92569	Q92569	Predicted
P61086	P61086	Predicted
P37231	P37231	Predicted
Q8WZ42	Q8WZ42	Predicted
P11940	P11940	Predicted
Q9UNE7	Q9UNE7	Predicted
P36873	P36873	Predicted
Q9HAU5	Q9HAU5	Predicted
Q9NUX5	Q9NUX5	Predicted
P19174	P19174	Predicted
Q8TBC4	Q8TBC4	Predicted
P57086	P57086	Predicted
Q8N165	Q8N165	Predicted
P78362	P78362	Predicted
Q96L73	Q96L73	Predicted
P42858	P42858	Predicted
Q00987	Q00987	Predicted
Q9NRD5	Q9NRD5	Predicted
P15822	P15822	Predicted
P02730	P02730	Curated
Q96AP0	Q96AP0	Predicted
Q9NR28	Q9NR28	Predicted
Q9HD42	Q9HD42	Curated
Q9NPD3	Q9NPD3	Predicted
P52735	P52735	Predicted
Q9C035	Q9C035	Predicted
P02649	P02649	Predicted
P19793	P19793	Predicted
Q15750	Q15750	Predicted
P21399	P21399	Curated
P43364	P43364	Predicted
O60568	O60568	Curated
O00291	O00291	Curated
P03372	P03372	Predicted
O60341	O60341	Predicted
P98170	P98170	Predicted
P42566	P42566	Curated
Q05513	Q05513	Predicted
Q8IWX8	Q8IWX8	Predicted
Q15797	Q15797	Predicted
Q8TAD8	Q8TAD8	Predicted
P20338	P20338	Predicted
P63165	P63165	Predicted
O15360	O15360	Predicted
P50570	P50570	Curated
P10276	P10276	Predicted
Q96SB4	Q96SB4	Predicted
P32856	P32856	Curated
Q13153	Q13153	Predicted
P11473	P11473	Predicted
Q14247	Q14247	Predicted
P46108	P46108	Predicted
Q66GS9	Q66GS9	Predicted
P07900	P07900	Predicted
Q9BSI4	Q9BSI4	Predicted
P62837	P62837	Predicted
Q13404	Q13404	Predicted
P47992	P47992	Curated
P17931	P17931	Curated
Q92731	Q92731	Predicted
P00533	P00533	Predicted
P21333	P21333	Predicted
P13010	P13010	Curated
Q93062	Q93062	Predicted
Q96B02	Q96B02	Predicted
P38936	P38936	Predicted
P53350	P53350	Curated
P63085	P63085	Predicted
Q9QWV4	Q9QWV4	Predicted
P49710	P49710	Predicted
P25911	P25911	Predicted
O88470	O88470	Predicted
P25233	P25233	Predicted
Q9JL25	Q9JL25	Predicted
Q9CR42	Q9CR42	Predicted
Q60591	Q60591	Predicted
P42227	P42227	Predicted
E9Q401	E9Q401	Predicted
Q8BH75	Q8BH75	Predicted
Q6PDN3	Q6PDN3	Predicted
P39428	P39428	Predicted
Q04602	Q04602	Predicted
P43067	P43067	Curated
Q92211	Q92211	Curated
P30822	P30822	Predicted
Q03790	Q03790	Predicted
P53584	P53584	Predicted
P52286	P52286	Predicted
P38822	P38822	Predicted
Q05080	Q05080	Predicted
P32790	P32790	Predicted
P00924	P00924	Curated
P06243	P06243	Predicted
P37370	P37370	Predicted
Q06208	Q06208	Predicted
P32835	P32835	Predicted
P14540	P14540	Curated
Q06449	Q06449	Predicted
P54786	P54786	Predicted
Q12349	Q12349	Predicted
P00358	P00358	Curated
P47017	P47017	Predicted
O13289	O13289	Curated
P60010	P60010	Predicted
P00330	P00330	Curated
P47068	P47068	Predicted
Q9Y7F0	Q9Y7F0	Curated
P40054	P40054	Predicted
P36006	P36006	Predicted
P00359	P00359	Curated
P12063	P12063	Curated
P00546	P00546	Predicted
P30575	P30575	Curated
Q92448	Q92448	Curated
P15303	P15303	Predicted
P48415	P48415	Predicted
Q04439	Q04439	Predicted
P19414	P19414	Curated
Q06406	Q06406	Predicted
P39743	P39743	Predicted
P00360	P00360	Curated
P41834	P41834	Predicted
P32325	P32325	Predicted
P42834	P42834	Predicted
P29055	P29055	Predicted
P00925	P00925	Curated
P47135	P47135	Predicted
Q12018	Q12018	Predicted
Q95017	Q95017	Predicted
Q21648	Q21648	Predicted
Q94420	Q94420	Predicted
Q22289	Q22289	Predicted
O17670	O17670	Predicted
P55853	P55853	Predicted
Q9VCD5	Q9VCD5	Predicted
P48601	P48601	Predicted